Region_Name,Production_Variability
South,2881.7273526316617
Littoral,2797.0708104433133
Southwest,2900.553030951452
Northwest,2841.47175691087
Centre,2866.034185238349
Farnorth,2913.1296421080187
East,2841.3035201856633
West,2806.940004769924
North,2892.666009664837
Adamawa,2978.960158471333
