Region_Name,Moisture_Index
Southwest,1568.666667
Littoral,1568.666667
South,1568.666667
East,1568.666667
North,1576.833333
West,1576.833333
Centre,1576.833333
Farnorth,1743.833333
Adamawa,1537.0
Northwest,1883.333333
